,goods_title,goods_url_full,price_whole,price_fraction,ad_plus,goods_review_count
0,"Luka&Lily Baby Monthly Milestone Blanket for Baby Boy and Girl, Personalized Baby Blanket for Newborn Baby Shower, Month Blanket for Baby Pictures, Includes Bandana Drool Bib + 2 Frames, Large 60""x40""",https://www.amazon.com/Luka-Lily-Milestone-Personalized-Pictures/dp/B07WW1CT4W/ref=sr_1_4?keywords=milestone+blanket&qid=1574156604&sr=8-4,23,95,0,15
1,Baby Monthly Milestone Blanket | Includes Wooden Wreath and Pacifier Clip | 1 to 12 Months | 100% Organic Fleece Extra Soft | Best Photography Backdrop Prop for Newborn Boy & Girl,https://www.amazon.com/Baby-Milestone-Pacifier-Photography-Backdrop/dp/B07WFWPZ2G/ref=sr_1_5?keywords=milestone+blanket&qid=1574156604&sr=8-5,22,99,0,13
2,Organic Baby Monthly Milestone Blanket (Forever Loved) for Newborn Boy or Girl | 1 to 12 Months | Soft Photography Background Prop | Baby Shower Gift,https://www.amazon.com/Milestone-Pondering-Pine-Photography-Background/dp/B07BNBTGHD/ref=sr_1_6?keywords=milestone+blanket&qid=1574156604&sr=8-6,23,95,0,119
3,Baby Monthly Milestone Blanket for Boy Girl Unisex | Neutral Personalized Photography Background Blankets | Thick Fleece for Mom Newborn Baby Shower Gifts + Bandana Drool Bib + 2 Months Frame Markers,https://www.amazon.com/Monthly-Milestone-Blanket-Frames-Newborn/dp/B07DVT7CPK/ref=sr_1_7?keywords=milestone+blanket&qid=1574156604&sr=8-7,19,95,0,116
4,"Tiny Smiles Baby Monthly Milestone Blanket Girl | Large 60""x40"" | Bonus Floral Wreath & Headband | Soft Photography Background | Newborn Girls or Boys Photo Prop | Best Months Watch Me Grow",https://www.amazon.com/Monthly-Milestone-Blanket-Photography-Background/dp/B07CWMVVTF/ref=sr_1_8?keywords=milestone+blanket&qid=1574156604&sr=8-8,18,99,0,133
5,Organic Baby Monthly Milestone Blanket (Baby Bear) with Month Frame Prop for Newborn Boy | 1 to 12 Months | Soft Photography Background | Baby Shower Gift,https://www.amazon.com/Organic-Monthly-Milestone-Photography-Background/dp/B07WZXY375/ref=sr_1_9?keywords=milestone+blanket&qid=1574156604&sr=8-9,24,95,0,24
6,Baby Monthly Milestone Blanket | Includes Floral Wreath & Headband | 1 to 12 Months | 100% Organic Fleece Extra Soft | Best Photography Backdrop Photo Prop for Newborn | Baby Girl,https://www.amazon.com/Baby-Milestone-Headband-Photography-Backdrop/dp/B07QX5NGBQ/ref=sr_1_10?keywords=milestone+blanket&qid=1574156604&sr=8-10,22,99,0,74
7,"Henry Hunter Baby Monthly Milestone Blanket with Frame & Milestone Cards | Photography Prop for Baby Girl | 100% Premium Cotton Fleece | 30 x 40 inches (Regular, Arrows)",https://www.amazon.com/Henry-Hunter-Monthly-Milestone-Photography/dp/B07GNWCHJ5/ref=sr_1_11?keywords=milestone+blanket&qid=1574156604&sr=8-11,21,99,0,78
8,"HAN-MM Baby Monthly Milestone Blanket with Wooden Circle Ring Large(43.3"" X43.3') Double Sided Pom Pom Ball Thick Flannel Round Rug for Boy Girl, Soft Baby Photography Props,Newborn",https://www.amazon.com/HAN-MM-Monthly-Milestone-Blanket-Photography/dp/B07RFQKBVB/ref=sr_1_12?keywords=milestone+blanket&qid=1574156604&sr=8-12,24,99,0,125
9,Double Sided Monthly Baby Milestone Blanket- Month Blanket for Baby Pictures | Photo Blanket with Baby Photo Props | Monthly Blankets for Newborns | Boy and Girl Milestone Blanket (White Grey Blue),https://www.amazon.com/Milestone-Blanket-Pictures-Blankets-Newborns/dp/B07CXHVQ53/ref=sr_1_13?keywords=milestone+blanket&qid=1574156604&sr=8-13,21,99,0,97
10,Baby Monthly Milestone Blanket - Floral Plush Fleece Baby Photography Backdrop Memory Blanket for Newborns Large - New Moms Set,https://www.amazon.com/Baby-Monthly-Milestone-Blanket-Photography/dp/B07T3QVJXL/ref=sr_1_14?keywords=milestone+blanket&qid=1574156604&sr=8-14,22,99,0,252
11,Baby Monthly Milestone Blanket - Organic Plush Fleece Photography Background Prop for Boy Girl Newborn Soft Elephant Blanket with Frame Large 47''x40'',https://www.amazon.com/Baby-Monthly-Milestone-Blanket-Photography/dp/B07SLB2MHK/ref=sr_1_15?keywords=milestone+blanket&qid=1574156604&sr=8-15,19,99,0,40
12,"Baby Monthly Milestone Blanket for Boys Girls – Soft Fluffy Unisex Design – 60 x 40 in – 1 to 12 with Weeks and Months – Includes Wreath and String Markers, 18 Baby Milestone Cards and an e-Book",https://www.amazon.com/Baby-Milestone-Blanket-Girls-Book/dp/B07JK6RR1T/ref=sr_1_16?keywords=milestone+blanket&qid=1574156604&sr=8-16,22,95,0,79
13,Baby Monthly Milestone Blanket for Girl Boy— Bonus: Wreath + Headband— Premium Fleece with 3D Digital Printing | Best Newborn Photography Flan,https://www.amazon.com/Baby-Monthly-Milestone-Blanket-Bonus/dp/B07T3CHJTC/ref=sr_1_17?keywords=milestone+blanket&qid=1574156604&sr=8-17,22,99,0,4
14,"Baby Monthly Milestone Blanket for Pictures - Baby Blanket, Milestone Monthly, Newborn Shower Girl Photography Boy Photo Fleece Month for Pictures Watch Me Grow Thick Months Floral Memory Personalized",https://www.amazon.com/Baby-Monthly-Milestone-Blanket-Pictures/dp/B07RHF8R7T/ref=sr_1_18?keywords=milestone+blanket&qid=1574156604&sr=8-18,18,99,0,16
15,"Upside Up Baby Monthly Milestone Blanket | Muslin Cotton Swaddle & Throw for Infant & Babies 0-3 Months, 3-6, 6-9, 9-12 | Photography Backdrop Photo Prop for Newborn Boy & Girl - New Mom",https://www.amazon.com/Monthly-Milestone-Blanket-Photography-Backdrop/dp/B07GBNQ9R8/ref=sr_1_19?keywords=milestone+blanket&qid=1574156604&sr=8-19,12,95,0,64
16,Baby Monthly Milestone Blanket | Includes Bib and Picture Frame | 1 to 12 Months | 100% Organic Fleece Extra Soft | Best Baby Shower Gift | Photography Backdrop Photo Prop for Newborn Boy & Girl,https://www.amazon.com/Baby-Monthly-Milestone-Photography-Backdrop/dp/B07MNYT9YH/ref=sr_1_24?keywords=milestone+blanket&qid=1574156604&sr=8-24,22,99,0,82
17,"Baby Monthly Milestone Blanket, Includes 12 Milestone Stickers, Floral Wreath & Headband, Soft 300 GSM 100% Organic Thick Fleece, 56x40” Photography Background Prop, Best Newborn Baby Girl Shower Gift",https://www.amazon.com/Milestone-Stickers-Photography-Background-Newborn-Baby/dp/B07XQL6YDR/ref=sr_1_25?keywords=milestone+blanket&qid=1574156604&sr=8-25,15,99,0,31
18,Mud Pie Monthly Milestone Blanket Photo Prop Set,https://www.amazon.com/Mud-Pie-Monthly-Milestone-Blanket/dp/B01MZ5XRDQ/ref=sr_1_26?keywords=milestone+blanket&qid=1574156604&sr=8-26,19,95,0,96
19,Bubzi Co Baby Monthly Milestone Blanket | Baby Girl Gifts & Baby Boy Gifts | Watch Me Grow Woodland Nursery Décor | European Design | Gender Neutral for Newborn Girl & Boy,https://www.amazon.com/Milestone-Blanket-1-Standalone-Product/dp/B07FLBMZHC/ref=sr_1_27?keywords=milestone+blanket&qid=1574156604&sr=8-27,24,95,0,95
20,Kute 'n' Koo Premium Fleece Baby Monthly Milestone Blanket for Boy Girl | Large Personalized Photography Background Blankets | Thick Flannel for Mom Newborn Bib + Frame（Gift Packaging,https://www.amazon.com/Kute-Koo-Personalized-Photography-Background/dp/B07PMG2LGJ/ref=sr_1_28?keywords=milestone+blanket&qid=1574156604&sr=8-28,16,99,0,27
21,"Baby Milestone Blanket Set for Boy or Girl - Baby Shower Gift Ready - Monthly Photography Background - Soft, Thick, Premium Fleece Material + Wreath Crown + Baby Bear (60x40"")",https://www.amazon.com/Baby-Milestone-Blanket-Set-Girl/dp/B07MZRBMV6/ref=sr_1_29?keywords=milestone+blanket&qid=1574156604&sr=8-29,21,99,0,31
22,Baby Milestone Blanket and Newborn Milestones Stickers | Personalized First Year Growth | Monthly Age Infant Blankets Gray | Funny Sticker Baby-Shower Gift | Unisex Boy Girl Photo Prop Grey Background,https://www.amazon.com/Milestone-Milestones-Personalized-Baby-Shower-Background/dp/B07JDLHQMH/ref=sr_1_30?keywords=milestone+blanket&qid=1574156604&sr=8-30,11,95,0,80
23,"Milestone Blanket, Large Baby Blankets for Girls Newborn Photography Props Baby Girl Gifts Reuseable Premium Fleece Baby Monthly Milestone Blanket Shower Gifts (Flora 1)",https://www.amazon.com/Milestone-Blanket-Blankets-Photography-Reuseable/dp/B07F3T9VLX/ref=sr_1_31?keywords=milestone+blanket&qid=1574156604&sr=8-31,12,99,0,59
24,Double Sided Monthly Baby Milestone Blanket- Month Blanket for Baby Pictures | Photo Blanket with Baby Photo Props | Monthly Blankets for Newborns | Baby Boy Girl Milestone Blanket (Black and White),https://www.amazon.com/Milestone-Blanket-Pictures-Blankets-Newborns/dp/B07JDBPLGX/ref=sr_1_32?keywords=milestone+blanket&qid=1574156604&sr=8-32,21,99,0,33
25,"BUTTZO Milestone Blanket/Baby Milestone Blanket Girl Boy/Large Baby Blankets for Girls and Boys Newborn Photography Premium Fleece Baby Monthly Blanket Shower Gifts (Floral, 40 X 50 inches)",https://www.amazon.com/Milestone-Blanket-Blankets-Newborn-Photography/dp/B07KWQQ87G/ref=sr_1_33?keywords=milestone+blanket&qid=1574156604&sr=8-33,19,99,0,22
26,Cimkiz Baby Monthly Milestone Blanket for Boys and Girls Organic Premium Fleece Photography Background Blankets Bonus Floral Wreath + Bib Best Newborn Photo Prop Large (Bear),https://www.amazon.com/Milestone-Personalized-Photography-Background-Blankets/dp/B07G86CDBD/ref=sr_1_34?keywords=milestone+blanket&qid=1574156604&sr=8-34,19,95,0,401
27,"Baby Moon Monthly Milestone Blanket for Girl Boy/Large Baby Blankets for Girls and Boys Newborn Photography Premium Fleece Baby Monthly Blanket Shower Gifts (Moon, 40 X 50 inches)",https://www.amazon.com/Monthly-Milestone-Blanket-Blankets-Photography/dp/B07P73S3BF/ref=sr_1_35?keywords=milestone+blanket&qid=1574156604&sr=8-35,19,99,0,18
28,FriLife Baby Monthly Milestone Blanket - Photo Backdrop - Soft Flannel Fleece,https://www.amazon.com/FriLife-Baby-Monthly-Milestone-Blanket/dp/B07VLJWPFS/ref=sr_1_36?keywords=milestone+blanket&qid=1574156604&sr=8-36,20,95,0,28
29,Frolickly Baby Milestone Blanket - Large Size 40x60 Inch - Soft Minky Fleece - Gender Neutral Watercolor,https://www.amazon.com/Frolickly-Baby-Milestone-Blanket-Watercolor/dp/B07ZDPR9YX/ref=sr_1_37?keywords=milestone+blanket&qid=1574156604&sr=8-37,15,95,0,3
30,MeBlanky Baby Milestone Blanket–3X Fluffier Newborn Monthly Milestone Blanket-2in1–Swaddle ‘n’ Photo – 47”x47” Super Soft Fleece First Year Baby Blanket–Blue Photo Blanket for Baby Boys or Girls,https://www.amazon.com/MeBlanky-Milestone-Blanket-3X-Fluffier-Blanket-2in1-Swaddle/dp/B07RJLLDHP/ref=sr_1_38?keywords=milestone+blanket&qid=1574156604&sr=8-38,23,97,0,113
31,Baby Monthly Milestone Blanket Girl | Markers and Headband Included | Gift-Ready Box | Premium Ultra Soft Warm Minky Fleece | Large 40X60 Thick Newborn Photography Props Backdrop |Shower Gifts-Idea,https://www.amazon.com/Baby-Monthly-Milestone-Blanket-Girl/dp/B07JDY2YVG/ref=sr_1_39?keywords=milestone+blanket&qid=1574156604&sr=8-39,24,99,0,50
32,"Xinature, Baby Monthly Milestone Blanket Boy Girl, Month Blanket for Baby Pictures, Monthly Blankets for Newborns, Baby Growth Chart Blanket, Months Baby Blanket, Baby Age Blanket,Gift for Newborn",https://www.amazon.com/Xinature-Milestone-Pictures-Blankets-Newborns/dp/B07TDM1TBL/ref=sr_1_40?keywords=milestone+blanket&qid=1574156604&sr=8-40,21,99,0,82
33,Baby Monthly Milestone Blanket Girl - Floral Plush Fleece Baby Photography Backdrop Memory Blanket for Newborns Large - New Moms Set - 100% Wrinkle-Free - Bonus Wreath + Headband,https://www.amazon.com/Baby-Monthly-Milestone-Blanket-Girl/dp/B07JKN43H6/ref=sr_1_41?keywords=milestone+blanket&qid=1574156604&sr=8-41,19,98,0,172
34,Baby Monthly Milestone Blanket Girl - Large 60''x40'' Floral Plush Fleece Photography Background Prop Newborn Soft Wrinkle-Free Flower Blanket Bonus Wreath Headband,https://www.amazon.com/Baby-Monthly-Milestone-Blanket-Girl/dp/B07VRW7H16/ref=sr_1_42?keywords=milestone+blanket&qid=1574156604&sr=8-42,19,99,0,49
35,Baby Monthly Milestone Blanket for Girl/Large & Soft/Newborn Photo Prop Blanket/Unique Baby Shower Gift for New Moms/NO Ironing Needed/Months Blanket/Watch me Grow Blanket/Baby Blanket with Months,https://www.amazon.com/Monthly-Milestone-Blanket-Newborn-Ironing/dp/B078KC7SWF/ref=sr_1_43?keywords=milestone+blanket&qid=1574156604&sr=8-43,19,50,0,119
36,"LovelySprouts Premium Fleece Monthly Milestone Blanket | Will Not Wrinkle or Fade Like Muslin Blankets | Large 60 x 40 Size | The Original | Perfect for Baby Boy or Girl Photo Props, Floral",https://www.amazon.com/LovelySprouts-Premium-Milestone-Blankets-Original/dp/B075S8VPHK/ref=sr_1_44?keywords=milestone+blanket&qid=1574156604&sr=8-44,9,97,0,177
37,"JumpOff Jo Baby Blanket and Milestone Cards Bundle, to The Moon",https://www.amazon.com/Cotton-Blanket-Swaddle-Milestone-Bundle/dp/B078T32KJ7/ref=sr_1_45?keywords=milestone+blanket&qid=1574156604&sr=8-45,19,99,0,41
38,New Limited Edition Baby Milestone Blanket Large 60”x40” with Bonus E-Book + Star Monthly Marker | Soft Thick Fleece Photography Background for Newborn Girl or Boy | Best Baby Shower Gift,https://www.amazon.com/Limited-Milestone-Blanket-Photography-Background/dp/B07NM5D2K5/ref=sr_1_46?keywords=milestone+blanket&qid=1574156604&sr=8-46,25,00,0,15
39,Happily Ever After Baby Monthly Milestone Blanket - for First Year Photography with Frame Star Accessory | Photo Prop Set | 100% Cotton | 100 x 120 Centimetres,https://www.amazon.com/Happily-Ever-After-Monthly-Milestone/dp/B07GMZ8SDF/ref=sr_1_47?keywords=milestone+blanket&qid=1574156604&sr=8-47,12,99,0,60
40,"Baby Monthly Milestone Blanket,  Large Unisex 60""x40"" Soft Thick Fluffy Fleece Photography Background Prop, Growth Chart, Frame Marker, 12 Milestone Cards for Newborn-12 Months Boy or Girl",https://www.amazon.com/Monthly-Milestone-Photography-Background-Newborn-12/dp/B07RP22GD3/ref=sr_1_48?keywords=milestone+blanket&qid=1574156604&sr=8-48,16,99,0,10
41,"Little Forest Baby Monthly Milestone Blanket Soft Micro Fleece for Boy & Girl (Frame Included), Photo Prop for Newborn Infant, Swaddling Blanket, Baby Shower Gift",https://www.amazon.com/Little-Forest-Milestone-Included-Swaddling/dp/B07D26DRKN/ref=sr_1_49?keywords=milestone+blanket&qid=1574156604&sr=8-49,19,99,0,44
42,"Fox Baby Milestone Blanket Boy Girl, Large 60""x40"" Fleece Weekly Monthly Milestone Blanket Photography Props - Baby Shower Newborn New Moms Gift (2 Frames Included)",https://www.amazon.com/Milestone-Blanket-Fleece-Monthly-Photography/dp/B07PQX3TVJ/ref=sr_1_50?keywords=milestone+blanket&qid=1574156604&sr=8-50,14,99,0,34
43,"Organic Baby Monthly Milestone Blanket – Soft Cotton, Unisex Photo Blankets + Props for Newborn Baby Boy or Girl Personalized Baby Pictures Prop to Track Age & Growth – 47x47",https://www.amazon.com/Organic-Baby-Monthly-Milestone-Blanket/dp/B07GWQ2CKL/ref=sr_1_51?keywords=milestone+blanket&qid=1574156604&sr=8-51,9,99,0,62
44,"Baby Monthly Milestone Blanket with 12 Stickers, Large 60""x40"" Infant Month Blankets Boy | Newborn Photography Background Blanket Prop | Nautical Whale Blanket, Best Baby Shower Gift for New Mom",https://www.amazon.com/Milestone-Stickers-Photography-Background-Nautical/dp/B07F4RBGX4/ref=sr_1_52?keywords=milestone+blanket&qid=1574156604&sr=8-52,23,87,0,37
45,"AMIS BG Baby Monthly Milestone Blanket Girl Photo Prop Newborn - Fleece Large 60""x40"" Milestone Chalkboard Sign, Marker and Frame Included, Photography Background Baby Shower Gift",https://www.amazon.com/AMIS-Monthly-Milestone-Blanket-Newborn/dp/B07HMMZP5B/ref=sr_1_53?keywords=milestone+blanket&qid=1574156604&sr=8-53,21,99,0,66
46,"Kute 'n' Koo Baby Monthly Milestone Blanket for Girl Boy, Large Personalized Photography Background Blankets, Thick Fleece for Mom Newborn Bib + Frame (Large Blanket, 55''x47'')",https://www.amazon.com/Milestone-Personalized-Photography-Background-Blankets/dp/B07PMM5RLL/ref=sr_1_54?keywords=milestone+blanket&qid=1574156604&sr=8-54,16,99,0,14
47,"Odoxia Baby Monthly Milestone Blanket | for Boy or Girl, Unisex | Month Blanket Baby for Pictures | Personalized Shower Gifts New Moms | Track Age & Growth | Soft, Thick and Large",https://www.amazon.com/Monthly-Milestone-Blanket-Pictures-Personalized/dp/B07Q4CY1PV/ref=sr_1_55?keywords=milestone+blanket&qid=1574156604&sr=8-55,17,99,0,40
48,FriLife Baby Monthly Milestone Blanket - Photo Backdrop - Soft Flannel Fleece,https://www.amazon.com/gp/slredirect/picassoRedirect.html/ref=pa_sp_atf_aps_sr_pg1_1?ie=UTF8&adId=A05997051RMKPG9W25YUM&url=%2FFriLife-Baby-Monthly-Milestone-Blanket%2Fdp%2FB07VLJWPFS%2Fref%3Dsr_1_1_sspa%3Fkeywords%3Dmilestone%2Bblanket%26qid%3D1574156604%26sr%3D8-1-spons%26psc%3D1&qualifier=1574156604&id=8934436114350234&widgetName=sp_atf,20,95,1,28
49,"Xinature, Baby Monthly Milestone Blanket Boy Girl, Month Blanket for Baby Pictures, Monthly Blankets for Newborns, Baby Growth Chart Blanket, Months Baby Blanket, Baby Age Blanket,Gift for Newborn",https://www.amazon.com/gp/slredirect/picassoRedirect.html/ref=pa_sp_atf_aps_sr_pg1_2?ie=UTF8&adId=A05143501KLJY6LCA02JP&url=%2FXinature-Milestone-Pictures-Blankets-Newborns%2Fdp%2FB07TDM1TBL%2Fref%3Dsr_1_2_sspa%3Fkeywords%3Dmilestone%2Bblanket%26qid%3D1574156604%26sr%3D8-2-spons%26psc%3D1&qualifier=1574156604&id=8934436114350234&widgetName=sp_atf,21,99,1,82
50,Baby Milestone Blanket for Boy or Girl – Monthly Blanket for Baby Pictures –Fleece Newborn Infant Backdrop Photo Prop Blanket Celebrates Age Months Growth – Personalize with BONUS Cards and Markers,https://www.amazon.com/gp/slredirect/picassoRedirect.html/ref=pa_sp_atf_aps_sr_pg1_3?ie=UTF8&adId=A10348011Z0A2E8YNUBQH&url=%2FBaby-Milestone-Blanket-Boy-Girl%2Fdp%2FB07QY4J3YR%2Fref%3Dsr_1_3_sspa%3Fkeywords%3Dmilestone%2Bblanket%26qid%3D1574156604%26sr%3D8-3-spons%26psc%3D1&qualifier=1574156604&id=8934436114350234&widgetName=sp_atf,21,95,1,7
51,"Bemused Baby Milestone Blanket, Monthly Blankets for Girls, Boys, Thick Soft Fleece Large 47"" x 47"" Personalized Photo Background with Flower Wreath, Newborn Nursery Swaddle, Perfect Baby Shower Gift",https://www.amazon.com/gp/slredirect/picassoRedirect.html/ref=pa_sp_mtf_aps_sr_pg1_1?ie=UTF8&adId=A04986301BGVSF9L0OKIE&url=%2FBemused-Milestone-Blankets-Personalized-Background%2Fdp%2FB07NXS7DD1%2Fref%3Dsr_1_20_sspa%3Fkeywords%3Dmilestone%2Bblanket%26qid%3D1574156604%26sr%3D8-20-spons%26psc%3D1&qualifier=1574156604&id=8934436114350234&widgetName=sp_mtf,15,77,1,17
52,4bebe Baby Monthly Milestone Blanket 100% Organic Fleece Soft Gentle Photography Backdrop Memories Perfect,https://www.amazon.com/gp/slredirect/picassoRedirect.html/ref=pa_sp_mtf_aps_sr_pg1_2?ie=UTF8&adId=A01973441FM9MWLH0YWB4&url=%2F4bebe-Monthly-Milestone-Photography-Memories%2Fdp%2FB07ZF6MS6Q%2Fref%3Dsr_1_21_sspa%3Fkeywords%3Dmilestone%2Bblanket%26qid%3D1574156604%26sr%3D8-21-spons%26psc%3D1&qualifier=1574156604&id=8934436114350234&widgetName=sp_mtf,19,95,1,
53,"Fine Kids Double Sided Baby Monthly Milestone Blanket Large 60""x40"" |Photography Backdrop | Photo Prop for Newborn Girls & Boys | Perfect for New Moms |Premium Quality Ultra Soft Fleece Blanket",https://www.amazon.com/gp/slredirect/picassoRedirect.html/ref=pa_sp_mtf_aps_sr_pg1_3?ie=UTF8&adId=A00332733LF8JYIIC187&url=%2FMonthly-Milestone-Blanket-Photography-Backdrop%2Fdp%2FB07HJCPDTL%2Fref%3Dsr_1_22_sspa%3Fkeywords%3Dmilestone%2Bblanket%26qid%3D1574156604%26sr%3D8-22-spons%26psc%3D1&qualifier=1574156604&id=8934436114350234&widgetName=sp_mtf,23,99,1,18
54,Alevin designs and products Organic Baby Monthly Milestone Blanket Double Sided Blanket/Photography Background/Month Blanket for Baby Pictures/Organic Cotton Blanket/Unisex Blanket Newborn Blanket,https://www.amazon.com/gp/slredirect/picassoRedirect.html/ref=pa_sp_mtf_aps_sr_pg1_4?ie=UTF8&adId=A02492123DJMTT336DAHE&url=%2FAlevin-designs-products-Photography-Background%2Fdp%2FB07VV9MRY8%2Fref%3Dsr_1_23_sspa%3Fkeywords%3Dmilestone%2Bblanket%26qid%3D1574156604%26sr%3D8-23-spons%26psc%3D1&qualifier=1574156604&id=8934436114350234&widgetName=sp_mtf,23,95,1,7
55,"Baby Monthly Milestone Blanket,  Large Unisex 60""x40"" Soft Thick Fluffy Fleece Photography Background Prop, Growth Chart, Frame Marker, 12 Milestone Cards for Newborn-12 Months Boy or Girl",https://www.amazon.com/gp/slredirect/picassoRedirect.html/ref=pa_sp_btf_aps_sr_pg1_1?ie=UTF8&adId=A05411751T3QZP4LW52YJ&url=%2FMonthly-Milestone-Photography-Background-Newborn-12%2Fdp%2FB07RP22GD3%2Fref%3Dsr_1_56_sspa%3Fkeywords%3Dmilestone%2Bblanket%26qid%3D1574156604%26sr%3D8-56-spons%26psc%3D1&qualifier=1574156604&id=8934436114350234&widgetName=sp_btf,16,99,1,10
56,Eunikroko Baby Monthly Milestone Blanket Football Sports Blankets for Toddler Photography Background Prop Soft Plush Fleece,https://www.amazon.com/gp/slredirect/picassoRedirect.html/ref=pa_sp_btf_aps_sr_pg1_2?ie=UTF8&adId=A09162343MB9TVKD8NQY1&url=%2FEunikroko-Milestone-Football-Photography-Background%2Fdp%2FB07ZGNQX2H%2Fref%3Dsr_1_57_sspa%3Fkeywords%3Dmilestone%2Bblanket%26qid%3D1574156604%26sr%3D8-57-spons%26psc%3D1&qualifier=1574156604&id=8934436114350234&widgetName=sp_btf,17,99,1,
57,KOONDY Fleece Baby Milestone Blanket – Infant Newborn Baby Swaddling Month Blanket for Photography – Unisex Design Monthly Milestone Blanket with Crown,https://www.amazon.com/gp/slredirect/picassoRedirect.html/ref=pa_sp_btf_aps_sr_pg1_3?ie=UTF8&adId=A03792291PNDWGLZICYV5&url=%2FKOONDY-Fleece-Baby-Milestone-Blanket%2Fdp%2FB07TDMS6MC%2Fref%3Dsr_1_58_sspa%3Fkeywords%3Dmilestone%2Bblanket%26qid%3D1574156604%26sr%3D8-58-spons%26psc%3D1&qualifier=1574156604&id=8934436114350234&widgetName=sp_btf,17,95,1,24
58,Baby Milestone Blanket - Flower Monthly Photo Prop Blanket for Boys & Girls - Large 60 *40 - inch Newborn Milestone Blanket - Soft Fleece,https://www.amazon.com/gp/slredirect/picassoRedirect.html/ref=pa_sp_btf_aps_sr_pg1_4?ie=UTF8&adId=A0589996P84INFJXBF65&url=%2FBaby-Milestone-Blanket-Monthly-Newborn%2Fdp%2FB07Q8DQQQ2%2Fref%3Dsr_1_59_sspa%3Fkeywords%3Dmilestone%2Bblanket%26qid%3D1574156604%26sr%3D8-59-spons%26psc%3D1&qualifier=1574156604&id=8934436114350234&widgetName=sp_btf,14,71,1,49
59,Baby Monthly Milestone Blanket Girl | Large Soft Fleece Floral Blanket | Newborn Baby Photo Prop | Perfect for New Mom Shower Gift | Month Frame Included to Mark Age,https://www.amazon.com/gp/slredirect/picassoRedirect.html/ref=pa_sp_btf_aps_sr_pg1_5?ie=UTF8&adId=A0718953BSQP4BPJ95ED&url=%2FMonthly-Milestone-Blanket-Newborn-Included%2Fdp%2FB07MM91MMN%2Fref%3Dsr_1_60_sspa%3Fkeywords%3Dmilestone%2Bblanket%26qid%3D1574156604%26sr%3D8-60-spons%26psc%3D1%26smid%3DA1B4IO10OWENI0&qualifier=1574156604&id=8934436114350234&widgetName=sp_btf,19,95,1,20
60,BUTTZO Milestone Blanket/Baby Milestone Blanket Girl Boy/Large Baby Blankets for Girls and Boys Newborn Photography Premium Fleece Baby Monthly Blanket Shower Gifts,https://www.amazon.com/Milestone-Blanket-Blankets-Newborn-Photography/dp/B07HHZ5XV5/ref=sr_1_53?keywords=milestone+blanket&qid=1574156609&sr=8-53,19,99,0,74
61,"Baby Milestone Blanket, Monthly Milestone Blanket Girl Boy - Includes Purple Floral Wreath - Large Super Soft Fleece Flannel Elephant Blanket for Newborn Photography 1 to 12 Months Baby Shower Gifts",https://www.amazon.com/Baby-Milestone-Blanket-Monthly-Girl/dp/B07Z3LWWKK/ref=sr_1_54?keywords=milestone+blanket&qid=1574156609&sr=8-54,19,99,0,6
62,Baby Milestone Blanket - Girl Boy Monthly Yearly Memory Blanket with Props Growth Track - Large Soft Premium Fleece Baby Month Blanket Photo Backdrop Infant,https://www.amazon.com/Baby-Monthly-Milestone-Blanket-Yearly/dp/B07FK65H13/ref=sr_1_55?keywords=milestone+blanket&qid=1574156609&sr=8-55,22,49,0,39
63,Geele Baby Monthly Milestone Blanket Boys & Girls - Soft Fleece with 2 Markers - Large Animal Photography Background Blanket for Infants & Newborns - 60 x 40 in - 1 to 12 Weeks & Months,https://www.amazon.com/Baby-Monthly-Milestone-Blanket-Girls/dp/B07NW7KVKW/ref=sr_1_56?keywords=milestone+blanket&qid=1574156609&sr=8-56,16,95,0,33
64,"lulujo Baby First Year Milestone Blanket and Cards Set, Here I Grow Again",https://www.amazon.com/lulujo-Baby-First-Milestone-Blanket/dp/B078T31SNM/ref=sr_1_57?keywords=milestone+blanket&qid=1574156609&sr=8-57,21,57,0,192
65,Alevin designs and products Organic Baby Monthly Milestone Blanket Double Sided Blanket/Photography Background/Month Blanket for Baby Pictures/Organic Cotton Blanket/Unisex Blanket Newborn Blanket,https://www.amazon.com/Alevin-designs-products-Photography-Background/dp/B07VV9MRY8/ref=sr_1_58?keywords=milestone+blanket&qid=1574156609&sr=8-58,23,95,0,7
66,"Olive & Emma Baby Monthly Milestone Blanket | Premium Fleece Large 40"" x 60"" | Wreath Frame Included | Girl Infant Newborn Month Blanket | New Mom Photo Background Prop, Floral",https://www.amazon.com/Monthly-Milestone-Blanket-Included-Background/dp/B07BMLYTNZ/ref=sr_1_59?keywords=milestone+blanket&qid=1574156609&sr=8-59,22,95,0,77
67,"Xandell Baby Monthly Milestone Blanket | Photography Backdrop Photo Prop for Newborn, Includes 12 Milestone Stickers, 2 Floral Wreath, Headband & Laminated Pack Letters, for Girl or Boy.",https://www.amazon.com/Xandell-Milestone-Photography-Backdrop-Laminated/dp/B07WZB6FBR/ref=sr_1_60?keywords=milestone+blanket&qid=1574156609&sr=8-60,18,99,0,12
68,"Baby Monthly Milestone Blanket Large 47""x39""  Neutral Baby Shower Towel Newborn Photography Backdrop Memory Blanket Organic Flannel Fleece Soft Baby Blanket Personalized for Baby Girl and Boy (Blue)",https://www.amazon.com/Monthly-Milestone-Photography-Backdrop-Personalized/dp/B07WGBKQF1/ref=sr_1_61?keywords=milestone+blanket&qid=1574156609&sr=8-61,19,99,0,193
69,"Baby Monthly Milestone Blanket For Boy Girl | 60""x40"" Memory Photography Backdrop Prop Blanket For Newborn | New Moms Baby Shower Gift Set | Bonus Frame + Headband | Thick Flannel Extra Soft Large",https://www.amazon.com/Monthly-Milestone-Photography-Backdrop-Headband/dp/B07WMQTB8L/ref=sr_1_62?keywords=milestone+blanket&qid=1574156609&sr=8-62,18,98,0,37
70,Baby Monthly Milestone Blanket - Large Premium Fleece Blanket is Thick and Soft - Newborn Photography Props or Photo Backdrop - Best Gift Set for Shower Registry - Perfect for New Baby Boys and Girls,https://www.amazon.com/Baby-Monthly-Milestone-Blanket-Photography/dp/B07QH721GK/ref=sr_1_63?keywords=milestone+blanket&qid=1574156609&sr=8-63,21,99,0,19
71,"Sejjen Woodland Friends Double Sided Baby Milestone Monthly Blanket, Forest Photo Prop Boy & Girl, Large Soft 310 GSM Fleece Blanket for Animal Nursery and Baby Shower",https://www.amazon.com/Woodland-Friends-Milestone-Monthly-Blanket/dp/B07VCLWYM3/ref=sr_1_64?keywords=milestone+blanket&qid=1574156609&sr=8-64,24,99,0,6
72,"Double sided Baby Milestone blanket for baby girl to mark height, months, weeks and special Milestones｜Softest Organic 300GSM fluffy fleece｜Monthly, weekly marker with bonus gifts｜wrinkle-free",https://www.amazon.com/Milestone-blanket-Milestones%EF%BD%9CSoftest-fleece%EF%BD%9CMonthly-gifts%EF%BD%9Cwrinkle-free/dp/B07RTPFX71/ref=sr_1_65?keywords=milestone+blanket&qid=1574156609&sr=8-65,22,99,0,15
73,Begin With A Blanket: Creative Play For Infants (Baby Play: Developmental Fun From Birth To Beyond One) (Volume 1),https://www.amazon.com/Begin-Blanket-Creative-Infants-Developmental/dp/0692453091/ref=sr_1_66?keywords=milestone+blanket&qid=1574156609&sr=8-66,15,26,0,
74,"AOKE Baby Monthly Milestone Blanket, Newborn Photo Prop for Baby Girls or Boys, Soft Plush Flannel Photography Background Blanket, Unisex Baby Memory Blanket, Newborn Baby Months Blanket",https://www.amazon.com/AOKE-Monthly-Milestone-Photography-Background/dp/B07XJBCPG5/ref=sr_1_67?keywords=milestone+blanket&qid=1574156609&sr=8-67,15,99,0,13
75,Baby Monthly Milestone Blanket Girl | Large Soft Fleece Floral Blanket | Newborn Baby Photo Prop | Perfect for New Mom Shower Gift | Month Frame Included to Mark Age,https://www.amazon.com/Monthly-Milestone-Blanket-Newborn-Included/dp/B07MM91MMN/ref=sr_1_68?keywords=milestone+blanket&qid=1574156609&sr=8-68,19,95,0,20
76,"Large Plaid Banner Milestone Blanket Boy, Baby Monthly Milestone Blanket, Bonus 25 Baby Milestone Stickers Included (Bear Themed)",https://www.amazon.com/Milestone-Blanket-Monthly-Stickers-Included/dp/B07LGNBTGV/ref=sr_1_73?keywords=milestone+blanket&qid=1574156609&sr=8-73,9,99,0,20
77,"Baby Monthly Milestone Blanket with 4 Drool Bibs for Baby Boy Girl, Organic Plush Flannel Extra Soft Elephant Blankets",https://www.amazon.com/Monthly-Milestone-Blanket-Elephant-Blankets/dp/B07Y5ZF8RF/ref=sr_1_74?keywords=milestone+blanket&qid=1574156609&sr=8-74,14,99,0,7
78,Baby Monthly Milestone Blanket | Includes Floral Wreath & Headband | 1 to 12 Months | 100% Organic Fleece Super Soft | Best Gift for Baby Shower | for Baby Boy and Girl,https://www.amazon.com/Monthly-Milestone-Blanket-Headband-Organic/dp/B07YFPHMYJ/ref=sr_1_75?keywords=milestone+blanket&qid=1574156609&sr=8-75,10,99,0,53
79,Baby Milestone Blanket Boy or Girl (47 x 47 Inch) | Organic Soft Fleece Baby Month Blanket for Baby Pictures | Includes 2 Wooden Baby Photography Props | Baby Monthly Milestone Blanket,https://www.amazon.com/Helluva-Baby-Milestone-Blanket-Photography/dp/B07JYXF8HZ/ref=sr_1_76?keywords=milestone+blanket&qid=1574156609&sr=8-76,14,99,0,50
80,KOONDY Fleece Baby Milestone Blanket – Infant Newborn Baby Swaddling Month Blanket for Photography – Unisex Design Monthly Milestone Blanket with Crown,https://www.amazon.com/KOONDY-Fleece-Baby-Milestone-Blanket/dp/B07TDMS6MC/ref=sr_1_77?keywords=milestone+blanket&qid=1574156609&sr=8-77,17,95,0,24
81,"Baby Milestone Blanket Girl and Boy, Large 55X40 Inch Monthly Milestone Blanket Includes Floral Wreath and Headband, 100% Flannel Newborn Photography Blanket, Baby Shower Gift Blanket",https://www.amazon.com/Milestone-Blanket-Monthly-Headband-Photography/dp/B07YC2YY1Q/ref=sr_1_78?keywords=milestone+blanket&qid=1574156609&sr=8-78,19,99,0,11
82,"Baby Monthly Milestone Blanket For Girls Thick, Soft, Large 50""x40"" | Bonus Floral Wreath, 12 Milestone Stickers, Bib, Pacifier Clip | Photography Background Blanket | Photo Props, Watch Me Grow",https://www.amazon.com/Monthly-Milestone-Blanket-Photography-Background/dp/B07HWMQSTP/ref=sr_1_79?keywords=milestone+blanket&qid=1574156609&sr=8-79,19,99,0,50
83,Premium Fleece Baby Milestones Blankets: for Boys Girls Angel Wings | Photography Props Two Bonus Frames Ornament | Best Baby Shower Gift New Moms | Personalized Pictures Watch Infant Growth Age Weeks,https://www.amazon.com/Premium-Fleece-Baby-Milestones-Blankets/dp/B07KNCZ2MZ/ref=sr_1_80?keywords=milestone+blanket&qid=1574156609&sr=8-80,15,97,0,30
84,"Amzing Baby - Monthly Baby Milestone Blanket - Height and Weight Tracker for Newborn Boys and Girls | Accessories Included | Large 40"" x 60"" WrinkleFree Thick Fleece | Updated Version for Baby Showers",https://www.amazon.com/Amzing-Baby-Milestone-Accessories-WrinkleFree/dp/B07GGCXTPD/ref=sr_1_81?keywords=milestone+blanket&qid=1574156609&sr=8-81,22,49,0,34
85,Keshet and Anan Baby Monthly Milestone Blanket Gift For Unisex Newborn Baby Shower 100% Soft Large and Thick Fleece Yellow Star Frame for Boy or Girl Pregnant women Growth Print Photography Background,https://www.amazon.com/Monthly-Milestone-Blanket-Pregnant-Photography/dp/B07FVNJSDV/ref=sr_1_82?keywords=milestone+blanket&qid=1574156609&sr=8-82,22,97,0,32
86,NinkyNonk Floral Baby Monthly Milestone Blanket Photo Props Set Newborn Photo Blanket Backdrop with Flower Headbands (Floral A),https://www.amazon.com/NinkyNonk-Monthly-Milestone-Backdrop-Headbands/dp/B07C5GZWNX/ref=sr_1_83?keywords=milestone+blanket&qid=1574156609&sr=8-83,8,99,0,93
87,Baby Monthly Milestone Blanket – Double Sided Soft & Smooth Fleece | Monthly Baby Milestone Blanket Girl & Boy | Month Blanket for Baby Pictures | Baby Shower Registry Gift | Large 50” x 50” Size,https://www.amazon.com/Monthly-Baby-Milestone-Blanket-Registry/dp/B07D3N82QC/ref=sr_1_84?keywords=milestone+blanket&qid=1574156609&sr=8-84,23,97,0,78
88,UBBCARE Baby Monthly Milestone Blanket Fleece for Boy Girl 55X37 Organic Large Photography Background Blankets Photography Backdrop Photo Prop Thick Fleece for Mom Newborn,https://www.amazon.com/UBBCARE-Milestone-Photography-Background-Blankets/dp/B07N3RBDG4/ref=sr_1_85?keywords=milestone+blanket&qid=1574156609&sr=8-85,8,99,0,17
89,STKYGOOD Baby Monthly Milestone Blanket for Boys and Girl Soft Fleece Photography Sea Theme with Wreath and Frame 60” x 40”,https://www.amazon.com/STKYGOOD-Monthly-Milestone-Blanket-Photography/dp/B07TWW81SC/ref=sr_1_86?keywords=milestone+blanket&qid=1574156609&sr=8-86,15,59,0,15
90,Nebur Shop Baby Monthly Milestone Blanket | Thick Cotton Fleece Flannel Photography Background Blanket | Animal Theme Personalized Baby Gift | Large Size 100x150cm,https://www.amazon.com/Nebur-Shop-Photography-Background-Personalized/dp/B07RHVC9T5/ref=sr_1_87?keywords=milestone+blanket&qid=1574156609&sr=8-87,19,99,0,5
91,Baby Photo Blanket - Baby Growth Chart Blanket - Baby Monthly Milestone Blanket Neutral for Boy & Girl - Washable Markers - Baby Age Photo Props - Ideal Personalized Baby Shower Gift - Watch Me Grow,https://www.amazon.com/Baby-Photo-Blanket-Milestone-Personalized/dp/B07YYJYRKX/ref=sr_1_88?keywords=milestone+blanket&qid=1574156609&sr=8-88,15,95,0,13
92,Baby Milestone Blanket Girl - Floral Soft Flannel Fleece Thick Blankets for Newborn Girls - Month Blanket for Baby Pictures Backdrop for Girls - Bonus Headband + 2 Felt Frame,https://www.amazon.com/Baby-Milestone-Blanket-Girl-Blankets/dp/B07TZFWQ3J/ref=sr_1_89?keywords=milestone+blanket&qid=1574156609&sr=8-89,20,95,0,6
93,"Baby Monthly Milestone Blanket for Girl Boy - Fleece Floral - Photo Props Personalized Photography Backdrop for Newborn Infant Month Growth Pictures, Unisex New Baby Twins Swaddle Shower Gift",https://www.amazon.com/Baby-Monthly-Milestone-Blanket-Girl/dp/B07JJ6SV2W/ref=sr_1_90?keywords=milestone+blanket&qid=1574156609&sr=8-90,28,99,0,23
94,Disney Mickey Mouse Milestone Blanket Set for Baby - Multi,https://www.amazon.com/Disney-Mickey-Mouse-Milestone-Blanket/dp/B07VHK8S33/ref=sr_1_91?keywords=milestone+blanket&qid=1574156609&sr=8-91,39,95,0,
95,"Intuitive Labels Large Baby Boy Milestone Blanket Premium Thick Flannel - Neutral Plaid Background Monthly Photography – Personalized Newborn Baby Shower - Letters, Frame, Wreath Prop - Deer Woodland",https://www.amazon.com/Intuitive-Labels-Milestone-Blanket-Premium/dp/B07TXCNHNL/ref=sr_1_92?keywords=milestone+blanket&qid=1574156609&sr=8-92,20,99,0,22
96,"Baby Monthly Milestone Blanket with 20 Milestone Moments Props for Boy & Girl, Photography Blankets, Organic Thick Fleece Blanket Backdrop for Personalized Month Pictures for Girls and Boys",https://www.amazon.com/Milestone-Moments-Photography-Blankets-Personalized/dp/B07SG7ZCZP/ref=sr_1_93?keywords=milestone+blanket&qid=1574156609&sr=8-93,21,99,0,28
97,"Baby Monthly Milestone Blanket for Girl & Boy | Personalized Extra Soft Fleece for Newborn, 1 to 12 Months | Infant Shower Gift Props | Month Organic Growth Photography with Free Floral Frame & E-Book",https://www.amazon.com/Monthly-Milestone-Blanket-Personalized-Photography/dp/B07QK2C33V/ref=sr_1_94?keywords=milestone+blanket&qid=1574156609&sr=8-94,18,95,0,41
98,"Baby Monthly Milestone Blanket for Boy Girl Premium Super Soft Thick Fleece | Bonus 2 Frames and Ebook Included Extra Large 60"" x 40"" Personalized Photography for Mom Newborn Baby Shower Gifts",https://www.amazon.com/Monthly-Milestone-Included-Personalized-Photography/dp/B07MGCYRX1/ref=sr_1_95?keywords=milestone+blanket&qid=1574156609&sr=8-95,23,95,0,39
99,"TUMAMA Soft Fleece Baby Monthly Milestone Blanket for Boy and Girl Gift, Large (47” x 39”) Personalized Photo Background Blankets, Super Thick Blanket for Newborn Baby Shower Gifts",https://www.amazon.com/TUMAMA-Milestone-Personalized-Background-Blankets/dp/B07NV8YZ8P/ref=sr_1_96?keywords=milestone+blanket&qid=1574156609&sr=8-96,19,99,0,16
100,"Milestone Blanket, Baby Blankets for Girls Newborn Photography Props Baby Girl Gifts (Headband and Frame Included) Reuseable Premium Fleece Baby Monthly Milestone Blanket Shower Gifts",https://www.amazon.com/Milestone-Blankets-Photography-Headband-Reuseable/dp/B07D46YHC7/ref=sr_1_97?keywords=milestone+blanket&qid=1574156609&sr=8-97,12,99,0,52
101,"Deluxe Baby Monthly Milestone Blanket 60” x 40” with Cute Floral Wreath & Headband for Girl. Extra Soft Flannel with Attractive, Colorful, Detailed Roses Print. Perfect for Photo Backdrop",https://www.amazon.com/Milestone-Headband-Attractive-Colorful-Detailed/dp/B07Y9KL7LB/ref=sr_1_98?keywords=milestone+blanket&qid=1574156609&sr=8-98,22,99,0,
102,"GIFTiz Milestone Blanket Photo Prop Set for Girls, 100% Organic Hypoallergenic Muslin Cotton, Large - Pink Frame",https://www.amazon.com/GIFTiz-Milestone-Blanket-Organic-Hypoallergenic/dp/B07C7ZJQDZ/ref=sr_1_99?keywords=milestone+blanket&qid=1574156609&sr=8-99,9,99,0,11
103,Baby Monthly Milestone Blanket |DOUBLE SIDED + WREATH FRAME| Growth Month Blanket - Best Shower Gift for Newborn Girl & Boy - Floral Age Photo Props Backdrop - 2 layer Soft Fleece Large 50 x 40,https://www.amazon.com/Monthly-Milestone-Blanket-Double-Wreath/dp/B07BK9HYRY/ref=sr_1_100?keywords=milestone+blanket&qid=1574156609&sr=8-100,22,95,0,67
104,"VIPITH Baby Monthly Milestone Blanket for Newborn Boy or Girl, Includes Floral Wreath, Baby Bandana, Headband, Photo Frame, Stickers, Soft Photography Background Prop | Baby Shower Gift",https://www.amazon.com/VIPITH-Milestone-Headband-Photography-Background/dp/B07V7BCMYR/ref=sr_1_101?keywords=milestone+blanket&qid=1574156609&sr=8-101,12,99,0,8
105,"Baby Monthly Milestone Blanket | Thick Fleece Swaddle & Throw for Infant & Babies 0-3 Months, 3-6, 6-9, 9-12 | Photography Backdrop Photo Prop for Newborn Boy & Girl - New Mom Baby Shower Gift",https://www.amazon.com/Monthly-Milestone-Blanket-Photography-Backdrop/dp/B07MLGLD1X/ref=sr_1_102?keywords=milestone+blanket&qid=1574156609&sr=8-102,18,95,0,55
106,"Baby Monthly Milestone Blanket for Boys & Girls, Months, Weeks, Days Photo Prop Blanket, Soft Flannel Fleece Decorative Blanket–100% Wrinkle-Free Huge 48""x40"" colored Newborn Blanket + Wreath & Marker",https://www.amazon.com/Monthly-Milestone-Decorative-Blanket-100-Wrinkle-Free/dp/B07QTBTJJ2/ref=sr_1_103?keywords=milestone+blanket&qid=1574156609&sr=8-103,16,89,0,37
107,Baby Monthly Milestone Blanket Girl Boy Include Frame & Bib Soft Fleece Flannel 47×47 in for Newborn Mom Gift Photography Baby Gift (Golden Garland),https://www.amazon.com/Monthly-Milestone-Blanket-Include-Photography/dp/B07W879R12/ref=sr_1_104?keywords=milestone+blanket&qid=1574156609&sr=8-104,16,59,0,24
108,Tiny Steps Monthly Baby Milestone Blanket - Thick Fleece (60 x 40 Inch) Leaf Wreath Marker and Cute Headband Included | Photo Backdrop Customized Memory for Newborn Boy Girl Twin Baby Registry,https://www.amazon.com/gp/slredirect/picassoRedirect.html/ref=pa_sp_atf_next_aps_sr_pg2_1?ie=UTF8&adId=A07070292ODG486UQISHJ&url=%2FTiny-Steps-Monthly-Milestone-Blanket%2Fdp%2FB07R62RK8K%2Fref%3Dsr_1_49_sspa%3Fkeywords%3Dmilestone%2Bblanket%26qid%3D1574156609%26smid%3DA2FMGSSR1QMRGU%26sr%3D8-49-spons%26psc%3D1&qualifier=1574156609&id=8544642388727&widgetName=sp_atf_next,9,83,1,13
109,"Effi's Corner Baby Blankets, Monthly Milestone Blanket, Unisex Monthly Milestone Blanket Showing 1 to 12 Months, Flannel Swaddle Blanket for Babies, Baby Photoshoot Props",https://www.amazon.com/gp/slredirect/picassoRedirect.html/ref=pa_sp_atf_next_aps_sr_pg2_2?ie=UTF8&adId=A06956411LHO2Y2HLH6Q4&url=%2FEffis-Corner-Blankets-Milestone-Photoshoot%2Fdp%2FB07WTY3W9N%2Fref%3Dsr_1_50_sspa%3Fkeywords%3Dmilestone%2Bblanket%26qid%3D1574156609%26sr%3D8-50-spons%26psc%3D1&qualifier=1574156609&id=8544642388727&widgetName=sp_atf_next,15,99,1,
110,Enfant Style Baby Monthly Milestone Blanket for Girls | Floral Photography Backdrop Photo Props for Newborn Girl & New Moms | Large Soft Premium Plush Fleece Personalized Memory Blankets,https://www.amazon.com/gp/slredirect/picassoRedirect.html/ref=pa_sp_atf_next_aps_sr_pg2_3?ie=UTF8&adId=A07401982P9V2134EVYH5&url=%2FEnfant-Style-Milestone-Photography-Personalized%2Fdp%2FB07XVDVGRZ%2Fref%3Dsr_1_51_sspa%3Fkeywords%3Dmilestone%2Bblanket%26qid%3D1574156609%26sr%3D8-51-spons%26psc%3D1&qualifier=1574156609&id=8544642388727&widgetName=sp_atf_next,15,95,1,
111,Elnor Baby Monthly Milestone Blanket for Baby Girl or Boy - 12 Months Milestone Stickers Age - Unique for Newborns - Growth Memory Marker Chart for Personalized Infants Pictures - Props,https://www.amazon.com/gp/slredirect/picassoRedirect.html/ref=pa_sp_atf_next_aps_sr_pg2_4?ie=UTF8&adId=A04351063QU1ERUBF73DN&url=%2FElnor-Baby-Monthly-Milestone-Blanket%2Fdp%2FB07T24CTGQ%2Fref%3Dsr_1_52_sspa%3Fkeywords%3Dmilestone%2Bblanket%26qid%3D1574156609%26sr%3D8-52-spons%26psc%3D1&qualifier=1574156609&id=8544642388727&widgetName=sp_atf_next,15,99,1,2
112,"Intuitive Labels Large Baby Boy Milestone Blanket Premium Thick Flannel - Neutral Plaid Background Monthly Photography – Personalized Newborn Baby Shower - Letters, Frame, Wreath Prop - Deer Woodland",https://www.amazon.com/gp/slredirect/picassoRedirect.html/ref=pa_sp_mtf_aps_sr_pg2_1?ie=UTF8&adId=A073385714IYLEMGX5MX&url=%2FIntuitive-Labels-Milestone-Blanket-Premium%2Fdp%2FB07TXCNHNL%2Fref%3Dsr_1_69_sspa%3Fkeywords%3Dmilestone%2Bblanket%26qid%3D1574156609%26sr%3D8-69-spons%26psc%3D1&qualifier=1574156609&id=8544642388727&widgetName=sp_mtf,20,99,1,22
113,"Eco Baby Planet Baby Milestone Blanket - Includes Milestone Blanket, Cards & Wooden Ring Marker - Monthly Luxury Fleece Blanket, Eco-Friendly Teether, Card Set - Perfect Gift",https://www.amazon.com/gp/slredirect/picassoRedirect.html/ref=pa_sp_mtf_aps_sr_pg2_2?ie=UTF8&adId=A06984732XFF6EE5HM1OI&url=%2FEco-Baby-Planet-Milestone-Blanket%2Fdp%2FB07RSMYNBS%2Fref%3Dsr_1_70_sspa%3Fkeywords%3Dmilestone%2Bblanket%26qid%3D1574156609%26sr%3D8-70-spons%26psc%3D1&qualifier=1574156609&id=8544642388727&widgetName=sp_mtf,25,10,1,12
114,CASA DE BELLA MILESTONE BLANKET LOVE 01 - Baby Love Milestone Blanket for Girl - Floral Monthly Growth Blanket Set for Photo - Gift & Present for Newborn and First Year Baby Shower - Soft & Thick Flee,https://www.amazon.com/gp/slredirect/picassoRedirect.html/ref=pa_sp_mtf_aps_sr_pg2_3?ie=UTF8&adId=A09948401DE0FJL65BGM6&url=%2FCASA-BELLA-MILESTONE-BLANKET-LOVE%2Fdp%2FB07W3XS679%2Fref%3Dsr_1_71_sspa%3Fkeywords%3Dmilestone%2Bblanket%26qid%3D1574156609%26sr%3D8-71-spons%26psc%3D1&qualifier=1574156609&id=8544642388727&widgetName=sp_mtf,28,77,1,
115,Cute Baby Milestone Blanket for Girl or Boy Newborn to 12 Months. Lovely Soft Polyester 39x39 Inches in Attractive White. Sweet Ring of Flowers & Greenery to Place Baby for Photos & Video,https://www.amazon.com/gp/slredirect/picassoRedirect.html/ref=pa_sp_mtf_aps_sr_pg2_4?ie=UTF8&adId=A02792493KXB9QIY5WVMC&url=%2FMilestone-Blanket-Polyester-Attractive-Greenery%2Fdp%2FB07ZCPTT8H%2Fref%3Dsr_1_72_sspa%3Fkeywords%3Dmilestone%2Bblanket%26qid%3D1574156609%26sr%3D8-72-spons%26psc%3D1&qualifier=1574156609&id=8544642388727&widgetName=sp_mtf,18,29,1,
116,"Baby Monthly Milestone Blanket I Premium Minky Fleece I Extra Large Size 60"" x 40"" I Soft Photography Backdrop for Newborn Girls or Boys I Perfect I Free Bonus Wreath Included",https://www.amazon.com/gp/slredirect/picassoRedirect.html/ref=pa_sp_btf_aps_sr_pg2_1?ie=UTF8&adId=A0127606H50K44Y6SN9E&url=%2FMonthly-Milestone-Photography-Backdrop-Included%2Fdp%2FB07PLMD62X%2Fref%3Dsr_1_105_sspa%3Fkeywords%3Dmilestone%2Bblanket%26qid%3D1574156609%26sr%3D8-105-spons%26psc%3D1&qualifier=1574156609&id=8544642388727&widgetName=sp_btf,15,60,1,16
117,Ambid Design Baby Monthly Milestone Blanket for Boy Girl Unisex | Large 40 x 60 inch | Thick Fleece Flannel Extra Soft | Best for Newborn Mom | Infant Photo Props Monthly Tracker 1 to 12 Months,https://www.amazon.com/gp/slredirect/picassoRedirect.html/ref=pa_sp_btf_aps_sr_pg2_2?ie=UTF8&adId=A07139973AJMIJFXQDJVW&url=%2FAmbid-Design-Monthly-Milestone-Blanket%2Fdp%2FB07R6NZPK4%2Fref%3Dsr_1_106_sspa%3Fkeywords%3Dmilestone%2Bblanket%26qid%3D1574156609%26sr%3D8-106-spons%26psc%3D1&qualifier=1574156609&id=8544642388727&widgetName=sp_btf,19,99,1,3
118,"mini+molly Baby Monthly Milestone Blanket for Girls, Boys and Twins. Extra Large 60""x47"" with Pink and Blue Frames and Arrow Baby Photography Props for Monthly Milestone Pictures - Best for Moms",https://www.amazon.com/gp/slredirect/picassoRedirect.html/ref=pa_sp_btf_aps_sr_pg2_3?ie=UTF8&adId=A00092152I75HE0UC7H4G&url=%2FMilestone-Photography-Milestones-Pictures-Pictures%2Fdp%2FB07F5KQB76%2Fref%3Dsr_1_107_sspa%3Fkeywords%3Dmilestone%2Bblanket%26qid%3D1574156609%26sr%3D8-107-spons%26psc%3D1&qualifier=1574156609&id=8544642388727&widgetName=sp_btf,12,95,1,20
119,"Dimplewin Baby Monthly Milestone Blanket | Soft Fluffy Fleece |for a Boy or Girl | Large 40""x 60"" | Newborn Photo Prop | Includes Bonus Frames",https://www.amazon.com/gp/slredirect/picassoRedirect.html/ref=pa_sp_btf_aps_sr_pg2_4?ie=UTF8&adId=A072541416YEDQ79AFXN7&url=%2FExtra-Large-Milestone-Blanket-Dimplewin%2Fdp%2FB07MSBHSJK%2Fref%3Dsr_1_108_sspa%3Fkeywords%3Dmilestone%2Bblanket%26qid%3D1574156609%26sr%3D8-108-spons%26psc%3D1&qualifier=1574156609&id=8544642388727&widgetName=sp_btf,19,99,1,12
